userId,movieId,tag_id
2,60756,1
62,2953,1
62,3114,1
62,60756,1
62,68848,1
62,71535,1
62,88405,1
62,99114,1
62,119141,1
62,179401,1
62,183611,1
119,101142,1
256,126548,1
357,39,1
424,60756,1
477,69757,1
537,69122,1
567,106766,1
567,112852,1
567,134170,1
567,148626,1
567,167746,1
599,296,1
599,1732,1
2,60756,2
599,296,2
599,1732,2
2,60756,3
62,8641,3
62,46976,3
62,60756,3
62,107348,3
424,4816,3
424,6188,3
424,8641,3
424,60756,3
2,89774,4
2,89774,5
2,89774,6
62,27831,6
62,139385,6
2,106782,7
305,4034,7
424,296,7
424,27020,7
474,1953,7
474,6002,7
474,8645,7
477,57669,7
599,296,7
599,1732,7
2,106782,8
62,49530,8
62,99114,8
357,1059,8
357,48516,8
424,147,8
424,48516,8
424,74458,8
424,79132,8
537,5989,8
2,106782,9
424,1343,9
424,48516,9
424,74458,9
7,48516,10
18,431,11
18,1221,11
62,2023,11
62,5388,11
424,4262,11
18,431,12
474,1084,12
474,2194,12
599,296,12
599,296,12
18,431,13
18,1221,13
62,2023,13
474,16,13
474,858,13
474,1213,13
474,1221,13
474,1245,13
474,1466,13
474,2247,13
474,2249,13
537,55765,13
599,296,13
18,5995,14
474,116,14
474,363,14
474,527,14
474,1096,14
474,2324,14
474,2494,14
474,4347,14
474,5682,14
474,5995,14
474,6235,14
474,7440,14
537,527,14
18,5995,15
424,6016,15
474,3006,15
474,3408,15
18,44665,16
18,52604,16
184,2579,16
184,4226,16
357,2762,16
357,48516,16
424,47,16
424,50,16
424,628,16
424,1625,16
424,2959,16
424,4226,16
424,8950,16
474,1625,16
474,1834,16
474,2529,16
477,32,16
477,4226,16
599,296,16
599,2959,16
18,52604,17
18,52604,18
474,39234,18
18,88094,19
18,88094,20
18,88094,21
327,1288,21
327,3481,21
327,3897,21
474,62,21
474,1042,21
474,1088,21
474,1093,21
474,1288,21
474,2070,21
474,3044,21
474,3897,21
477,1196,21
506,112552,21
537,72998,21
599,924,21
606,1357,21
18,144210,22
18,144210,23
21,1569,24
21,1569,25
474,46,25
474,342,25
474,357,25
474,934,25
474,1569,25
474,4823,25
474,6944,25
21,118985,26
21,119141,27
125,7022,27
599,296,27
49,109487,28
49,109487,29
62,27660,29
76,260,29
125,7254,29
184,6283,29
205,260,29
424,260,29
424,541,29
424,589,29
424,1200,29
424,1240,29
424,2571,29
424,3527,29
424,79132,29
424,109487,29
477,1196,29
477,3527,29
477,68237,29
477,68358,29
477,68791,29
477,72998,29
573,4446,29
599,924,29
49,109487,30
424,109487,30
62,2,31
62,7153,31
62,59501,31
424,4993,31
424,106489,31
509,80834,31
62,2,32
62,2,33
62,5388,33
62,46972,33
62,110,34
537,72998,34
62,110,35
62,3578,35
103,260,35
112,260,35
184,27156,35
62,110,36
62,110,37
291,50872,37
424,1704,37
567,1704,37
567,50872,37
567,112552,37
567,116797,37
62,110,38
62,110,39
477,832,39
62,110,40
62,110,41
62,3578,41
62,115149,41
474,1266,41
474,5064,41
474,6874,41
474,7438,41
474,25825,41
474,27838,41
62,110,42
62,410,43
62,2124,43
62,38061,43
62,116897,43
305,83134,43
424,68157,43
477,750,43
477,57669,43
567,750,43
567,3266,43
567,71899,43
567,112421,43
599,296,43
599,1732,43
62,410,44
62,2124,44
62,410,45
62,2124,45
62,410,46
62,27706,46
62,71535,46
62,116897,46
125,2387,46
318,778,46
356,61323,46
424,288,46
424,608,46
424,2959,46
435,750,46
435,2959,46
477,750,46
477,57669,46
477,61323,46
567,750,46
567,3266,46
567,71899,46
599,296,46
599,1732,46
599,2959,46
62,410,47
62,2124,47
62,2953,47
62,27808,47
474,3526,47
474,3983,47
474,4801,47
474,6650,47
474,6993,47
62,410,48
62,2124,48
62,6541,48
62,37729,48
477,593,48
600,273,48
62,2023,49
62,2023,50
63,260,50
119,260,50
477,1196,50
573,2116,50
573,2662,50
573,6373,50
573,35836,50
599,296,50
599,924,50
599,1732,50
599,2959,50
62,2023,51
62,2124,52
62,27706,52
424,223,52
477,69757,52
567,101,52
567,750,52
567,1916,52
567,4878,52
567,5673,52
567,7361,52
567,30810,52
567,71899,52
567,94959,52
567,104875,52
567,108932,52
567,112421,52
567,122916,52
567,156605,52
599,293,52
599,296,52
599,1732,52
599,2959,52
62,2953,53
62,2953,54
62,3114,54
62,6058,54
474,1717,54
477,1196,54
477,5459,54
477,68791,54
477,82461,54
62,3114,55
62,27660,55
119,101142,55
119,115617,55
291,102007,55
318,30892,55
336,37729,55
477,1274,55
477,2761,55
477,8961,55
509,80834,55
62,3114,56
319,364,56
474,364,56
474,588,56
474,594,56
474,595,56
474,596,56
474,616,56
474,1010,56
474,1022,56
474,1025,56
474,1028,56
474,1029,56
474,1030,56
474,1032,56
474,1033,56
474,1282,56
474,2054,56
474,2078,56
474,2080,56
474,2085,56
474,6377,56
474,8961,56
62,3114,57
599,296,57
62,3114,58
318,68954,58
336,1,58
474,1,58
474,2355,58
474,3114,58
62,3114,59
62,45447,59
357,5464,59
537,5989,59
62,3578,60
62,3578,61
62,3578,62
357,2762,62
477,903,62
477,904,62
477,908,62
477,1219,62
599,293,62
599,296,62
599,924,62
599,1732,62
599,2959,62
62,3578,63
474,2728,63
474,8796,63
62,3578,64
62,4223,65
62,4223,66
424,3176,66
62,4223,67
62,58047,67
62,68848,67
62,4223,68
599,293,68
62,4223,69
474,1272,69
474,2028,69
474,5316,69
474,6216,69
474,6235,69
474,7479,69
474,8446,69
606,6107,69
62,5388,70
184,5388,70
193,4878,70
300,6711,70
318,82459,70
357,2762,70
424,1258,70
424,2160,70
424,48516,70
424,81591,70
424,104879,70
424,112515,70
477,541,70
477,903,70
477,3000,70
477,3994,70
477,8783,70
567,541,70
567,1237,70
567,1260,70
567,1921,70
567,2138,70
567,3676,70
567,3994,70
567,4144,70
567,4552,70
567,4878,70
567,6818,70
567,7361,70
567,48394,70
567,48780,70
567,56782,70
567,99917,70
567,106766,70
567,114627,70
567,139644,70
567,176371,70
567,180031,70
599,296,70
599,924,70
599,2959,70
62,5388,71
62,6058,72
62,128360,72
599,296,72
599,2959,72
62,6534,73
318,68954,73
474,1367,73
474,3911,73
474,4677,73
62,6534,74
62,6534,75
62,6534,76
62,53464,76
62,122912,76
184,3793,76
62,6541,77
62,6541,78
62,34150,78
62,87430,78
62,122912,78
62,135536,78
184,3793,78
274,68319,78
327,2616,78
357,91529,78
477,7439,78
477,68319,78
62,6541,79
62,6541,80
62,6541,81
62,34150,81
62,87430,81
62,103042,81
62,135536,81
62,136864,81
184,3793,81
336,153,81
357,91529,81
435,58559,81
474,153,81
474,592,81
474,1377,81
474,2640,81
474,2641,81
474,2642,81
474,2723,81
474,3793,81
474,3877,81
474,3994,81
474,5349,81
474,6333,81
474,8961,81
537,89745,81
62,6564,82
62,7153,82
62,45447,82
62,184471,82
106,106489,82
318,68954,82
424,1198,82
477,3000,82
509,80834,82
62,6564,83
62,6564,84
62,34150,84
62,7153,85
424,1089,85
599,296,85
62,7153,86
62,31658,86
477,3000,86
62,7153,87
103,260,87
103,296,87
537,79132,87
599,296,87
599,1732,87
62,7153,88
62,7153,89
62,7153,90
62,27706,90
357,2762,90
424,288,90
424,1089,90
477,57669,90
477,79702,90
599,296,90
599,2959,90
62,7153,91
424,4993,91
424,106489,91
62,8641,92
424,223,92
573,35836,92
62,8641,93
62,60126,93
62,107348,93
573,35836,93
62,27660,94
62,31658,94
184,6283,94
184,27156,94
184,193565,94
474,3000,94
474,5618,94
474,5971,94
474,6350,94
474,26662,94
477,1274,94
477,55167,94
62,27660,95
477,541,95
62,27660,96
62,136864,96
184,4226,96
424,66097,96
424,112515,96
567,3266,96
567,3676,96
567,6214,96
567,57502,96
567,58301,96
567,58559,96
567,122912,96
567,168252,96
567,176371,96
599,296,96
599,2959,96
62,27660,97
62,27706,98
424,7361,98
477,7361,98
62,27706,99
62,27808,100
477,104,100
477,216,100
477,2694,100
537,104218,100
62,27808,101
567,71899,101
567,156605,101
62,27831,102
62,27831,103
62,27831,104
62,27831,105
62,27831,106
62,168248,106
537,55765,106
599,293,106
599,296,106
62,27831,107
62,115149,107
477,62336,107
567,138036,107
599,296,107
62,31658,108
62,31658,109
477,3000,109
62,33162,110
62,33162,111
62,33162,112
62,96861,112
62,111743,112
62,33162,113
62,34150,114
62,53464,114
62,34150,115
62,53464,115
62,34150,116
62,53464,116
62,37729,117
599,2959,117
62,37729,118
62,37729,119
193,7147,119
424,66097,119
62,37729,120
62,135536,120
62,139385,120
424,79132,120
477,79132,120
537,104841,120
567,1921,120
567,4144,120
567,30810,120
567,48394,120
567,56782,120
567,89745,120
567,109487,120
567,122882,120
567,122912,120
567,122922,120
567,139385,120
567,164179,120
567,164909,120
599,924,120
62,38061,121
125,8957,121
357,7451,121
537,79132,121
567,50872,121
567,108932,121
599,2959,121
62,38061,122
62,38061,123
103,296,123
567,1203,123
567,80463,123
599,296,123
62,38061,124
62,122912,124
62,38061,125
62,111743,125
424,223,125
477,56367,125
567,80463,125
567,148626,125
599,296,125
62,45447,126
62,45447,127
424,53127,127
62,45447,128
424,47,128
424,1625,128
424,4226,128
424,104879,128
477,904,128
477,4226,128
537,1625,128
599,924,128
62,45447,129
62,45447,130
424,1198,130
62,46723,131
424,68157,131
477,32,131
477,61323,131
599,2959,131
62,46723,132
62,46723,133
424,6016,133
599,296,133
62,46723,134
125,7022,134
424,106100,134
477,4454,134
477,4878,134
477,60069,134
599,2959,134
62,46972,135
327,1923,135
424,1923,135
424,4816,135
424,30825,135
62,46976,136
62,46976,137
62,46976,138
62,46976,139
62,88405,139
477,69757,139
537,1721,139
537,8533,139
537,72998,139
537,80489,139
62,46976,140
193,4878,140
193,7147,140
193,97938,140
424,66097,140
424,81591,140
477,3000,140
477,7361,140
477,62336,140
477,79132,140
567,1921,140
567,3676,140
567,4552,140
567,4878,140
567,5673,140
567,7361,140
567,25771,140
567,27773,140
567,57502,140
567,74791,140
567,99764,140
567,148881,140
599,924,140
599,2959,140
62,49130,141
62,49530,142
474,1959,142
474,4489,142
474,5899,142
474,36517,142
62,49530,143
537,55765,143
537,80906,143
537,90439,143
599,293,143
62,49530,144
62,49530,145
62,53464,146
477,68791,146
62,53464,147
62,53464,148
477,68319,148
477,68791,148
477,69526,148
62,58047,149
62,87430,149
62,135518,149
62,187593,149
477,68319,149
62,59501,150
474,6232,150
62,59501,151
62,59501,152
62,60074,153
477,68791,153
62,60074,154
62,111743,154
62,60074,155
62,135536,155
62,60126,156
357,91529,156
62,60756,157
62,61024,157
62,88405,157
62,107348,157
62,119141,157
62,179401,157
62,183611,157
184,193565,157
424,3948,157
424,4816,157
424,6188,157
424,8641,157
477,67087,157
537,69122,157
543,85565,157
567,7361,157
573,413,157
599,296,157
599,1732,157
62,61024,158
62,119141,158
62,61024,159
62,119141,159
125,62434,159
125,67695,159
62,61024,160
62,63992,161
62,87430,161
62,63992,162
567,26717,162
573,4448,162
62,63992,163
357,39,163
62,63992,164
474,587,164
599,924,164
62,63992,165
62,68848,166
62,68848,167
62,68848,168
62,68848,169
357,7444,169
62,71535,170
62,71535,171
62,71535,172
62,71535,173
62,87430,174
62,87430,175
62,87430,176
62,87430,177
62,135536,177
62,136864,177
62,87430,178
341,260,178
424,1200,178
474,150,178
474,924,178
474,1196,178
474,1200,178
474,1231,178
474,1301,178
474,1917,178
474,4812,178
474,33493,178
477,68358,178
599,924,178
62,88405,179
62,88405,180
62,88405,181
62,88405,182
62,88405,183
424,175,183
62,88405,184
62,96861,185
62,96861,186
62,108190,186
289,1101,186
305,34405,186
318,82459,186
424,102903,186
537,104841,186
62,96861,187
62,96861,188
62,99114,189
62,114180,189
62,136864,189
62,168248,189
62,179401,189
76,260,189
119,115149,189
119,120635,189
184,3793,189
424,1200,189
424,1240,189
424,79132,189
439,98809,189
599,293,189
599,296,189
599,2959,189
62,99114,190
424,68157,190
62,99114,191
62,135536,191
477,8783,191
62,99114,192
357,55290,192
62,99114,193
599,296,193
62,99114,194
62,128360,194
424,296,194
424,1089,194
424,68157,194
477,1089,194
599,296,194
62,99114,195
62,128360,195
477,8961,195
599,296,195
62,99114,196
424,364,196
477,82461,196
537,99114,196
599,296,196
599,924,196
62,99114,197
62,128360,197
62,103042,198
62,104863,199
62,104863,200
62,107348,201
62,108190,202
62,108190,203
62,135536,203
62,108190,204
62,114180,204
62,135133,204
62,174053,204
125,7022,204
477,4454,204
62,108190,205
62,108190,206
62,114180,206
477,56174,206
477,69526,206
62,108190,207
62,108190,208
62,111743,209
62,114180,210
477,32,210
477,56174,210
477,68791,210
567,8477,210
62,114180,211
62,139385,211
125,7022,211
474,2202,211
62,114180,212
424,50,212
424,3499,212
424,104879,212
599,296,212
62,114180,213
62,114180,214
62,115149,215
62,168248,215
62,115149,216
62,115149,217
62,168248,217
62,115149,218
62,168248,218
62,116897,219
125,2387,219
125,58301,219
567,3266,219
567,3671,219
567,58301,219
599,296,219
62,116897,220
599,296,220
62,116897,221
62,116897,222
62,119141,223
477,67087,223
62,122912,224
62,122912,225
62,122912,226
62,122912,227
62,122912,228
62,122912,229
62,122912,230
477,1274,230
537,72998,230
567,4144,230
567,4552,230
567,122912,230
62,128360,231
599,296,231
62,128360,232
477,3527,232
599,296,232
62,128360,233
567,122916,233
62,128360,234
62,128360,235
62,135133,236
62,135133,237
477,60069,237
599,293,237
62,135133,238
62,135133,239
474,11,239
474,14,239
474,556,239
474,954,239
474,1082,239
474,1171,239
474,1810,239
474,3386,239
474,6101,239
474,6535,239
474,8011,239
474,8375,239
474,8622,239
474,36517,239
537,2329,239
537,72998,239
537,80906,239
537,97304,239
62,135133,240
62,135133,241
62,135518,242
62,135518,243
62,135518,244
62,135536,245
62,135536,246
62,136864,246
62,135536,247
62,136864,247
573,6157,247
62,135536,248
62,135536,249
62,135536,250
62,135536,251
424,106100,251
62,135536,252
62,135536,253
62,135536,254
62,135536,255
62,135536,256
62,136864,257
62,136864,258
62,136864,259
62,139385,260
62,158966,261
62,158966,262
62,158966,263
62,158966,264
62,158966,265
62,158966,266
62,168248,267
62,168248,268
599,293,268
599,296,268
62,174053,269
474,1653,269
474,5445,269
477,541,269
477,68358,269
599,924,269
62,174053,270
567,148626,270
573,52712,270
599,296,270
62,174053,271
62,174053,272
62,179401,273
62,183611,274
62,184471,275
62,184471,276
62,187593,277
62,187593,278
125,100083,278
125,158872,278
599,296,278
599,1732,278
62,187595,279
62,187595,280
205,260,280
424,260,280
63,260,281
193,260,281
103,296,282
599,296,282
106,4896,283
112,260,284
193,260,284
424,260,284
112,260,285
119,260,286
477,54503,286
119,101142,287
119,115149,288
119,115149,289
474,6002,289
119,115617,290
119,115617,291
424,1240,291
474,541,291
474,589,291
474,1240,291
474,2761,291
474,4370,291
474,4545,291
477,68791,291
599,924,291
119,120635,292
424,3176,292
462,152711,292
474,1269,292
474,2186,292
474,3176,292
474,5991,292
474,6650,292
474,6852,292
119,120635,293
474,1189,293
474,1617,293
474,1953,293
474,2058,293
474,3735,293
474,7981,293
599,293,293
125,1726,294
125,1726,295
477,32,295
477,56174,295
477,60069,295
537,2571,295
125,3052,296
125,5088,296
477,57669,296
125,3052,297
125,3052,298
125,3052,299
125,7022,299
125,100083,299
125,158872,299
356,44889,299
424,288,299
424,2700,299
424,3911,299
424,68157,299
477,750,299
477,61323,299
599,296,299
125,7022,300
318,778,300
424,3176,300
477,56174,300
599,2959,300
125,7022,301
125,8957,301
125,7022,302
424,175,302
424,288,302
424,2700,302
125,7022,303
125,7022,304
474,522,304
474,1089,304
474,2959,304
474,6016,304
599,296,304
599,1732,304
599,2959,304
125,7254,305
193,7361,305
424,79132,305
125,7254,306
125,7254,307
193,4878,307
424,32,307
424,589,307
424,1240,307
474,32,307
474,316,307
474,1270,307
474,2011,307
474,2968,307
474,4571,307
474,4878,307
474,4980,307
474,8914,307
477,32,307
477,68358,307
125,8957,308
424,1258,308
424,3176,308
477,593,308
537,527,308
567,3676,308
567,6214,308
567,6818,308
567,7024,308
567,27773,308
599,293,308
599,296,308
599,2959,308
125,8957,309
357,91529,309
125,8957,310
125,158872,310
184,2579,310
184,4226,310
357,2762,310
424,50,310
424,1625,310
424,1921,310
477,32,310
477,541,310
477,3994,310
537,79132,310
567,4878,310
567,25771,310
599,2959,310
125,8957,311
125,8957,312
357,48516,312
424,50,312
424,589,312
424,628,312
424,1200,312
424,1258,312
424,1625,312
424,2160,312
424,3176,312
424,48516,312
477,593,312
477,4725,312
487,112552,312
537,79132,312
537,90439,312
537,105504,312
567,105504,312
567,152077,312
567,155288,312
599,296,312
125,9010,313
125,42632,314
424,288,314
599,296,314
125,60950,315
125,62434,316
125,100083,317
125,100083,318
599,296,318
125,100083,319
125,156371,320
125,158872,321
424,1923,321
424,2700,321
537,95441,321
125,158872,322
132,3556,323
132,6323,324
132,6367,325
132,6367,326
138,59103,327
138,59103,328
161,52287,329
166,293,330
166,54286,330
599,293,330
599,293,330
599,296,330
166,293,331
599,293,331
166,54286,332
166,54286,333
477,61323,333
166,54286,334
167,104,335
177,115617,336
567,7361,336
567,104944,336
567,108932,336
177,115617,337
177,115617,338
599,296,338
184,2579,339
424,5291,339
474,1244,339
474,2579,339
474,6852,339
477,1219,339
184,2579,340
357,91529,340
424,109487,340
184,2579,341
184,2579,342
184,3793,343
424,104879,343
477,45499,343
477,68319,343
184,4226,344
424,1089,344
599,296,344
184,4226,345
184,27156,345
424,628,345
424,1219,345
424,2959,345
424,3176,345
424,3186,345
424,8950,345
435,58559,345
474,224,345
474,4920,345
474,7934,345
474,8784,345
474,8938,345
474,8950,345
477,593,345
477,4725,345
477,4878,345
537,3949,345
537,79132,345
599,2959,345
184,4896,346
184,4896,347
184,4896,348
477,1089,348
477,69757,348
567,112852,348
599,293,348
184,4896,349
424,4993,349
474,4896,349
474,5816,349
474,8368,349
474,40815,349
477,47610,349
184,5388,350
184,5388,351
193,7361,351
424,527,351
424,628,351
424,2329,351
424,2959,351
424,74458,351
424,79132,351
477,4878,351
537,72998,351
537,79132,351
567,1203,351
567,1653,351
567,4878,351
567,7024,351
567,7361,351
567,58301,351
567,79132,351
567,109487,351
567,143367,351
567,155288,351
567,164179,351
599,296,351
599,2959,351
184,6283,352
184,27156,353
184,27156,354
184,193565,355
184,193565,356
193,260,357
193,4878,358
424,296,358
477,7361,358
477,62336,358
599,296,358
599,924,358
599,1732,358
193,4878,359
193,7147,359
477,4878,359
477,52885,359
477,79132,359
567,541,359
567,3676,359
567,4226,359
567,4878,359
567,7361,359
567,79132,359
567,99917,359
567,176371,359
567,180031,359
193,4878,360
424,1921,360
477,4878,360
567,1921,360
567,3676,360
567,4552,360
567,4878,360
567,5673,360
567,27773,360
193,4878,361
424,1258,361
424,1625,361
424,4226,361
424,74458,361
424,112515,361
487,112552,361
537,79132,361
567,4878,361
599,296,361
599,2959,361
193,7147,362
567,2324,362
193,7361,363
474,2066,363
474,3044,363
474,7361,363
193,97938,364
357,5464,364
567,45880,364
567,96079,364
567,106766,364
567,122882,364
567,139385,364
567,164179,364
567,176371,364
599,924,364
193,97938,365
474,262,365
474,668,365
474,670,365
474,1293,365
474,1303,365
474,5135,365
474,6776,365
474,6918,365
474,27878,365
205,260,366
226,6938,367
226,6938,368
474,27882,368
226,48780,369
256,126548,370
357,7451,370
474,31,370
474,1246,370
474,1285,370
474,1345,370
474,1380,370
474,1381,370
474,2145,370
474,2581,370
474,2918,370
474,3071,370
474,3210,370
474,7451,370
474,8376,370
477,54503,370
288,7020,371
289,3,372
289,3,373
289,527,374
567,99764,374
567,140174,374
567,141890,374
291,50872,375
291,118696,376
305,4995,377
474,1921,377
474,36527,377
305,6502,378
474,968,378
474,4105,378
474,6502,378
474,8874,378
477,53468,378
305,6953,379
537,3949,379
567,6291,379
567,27773,379
567,106766,379
567,127298,379
305,8641,380
305,55721,381
318,778,382
599,2959,382
318,4612,383
318,4708,383
318,6400,384
318,30892,384
318,118784,384
318,30892,385
318,48698,386
318,64034,387
318,64034,388
477,54503,388
477,57669,388
567,71899,388
599,293,388
318,68954,389
318,68954,390
318,68954,391
474,2797,391
474,6297,391
318,68954,392
318,68954,393
474,500,393
474,898,393
474,907,393
474,927,393
474,1955,393
474,8424,393
474,38886,393
318,68954,394
318,71494,395
318,81158,396
318,82459,397
474,608,397
474,1394,397
474,1732,397
474,3683,397
474,4881,397
477,61323,397
599,1732,397
318,82459,398
599,1732,398
318,82459,399
318,90769,400
318,90769,401
318,90769,402
318,96084,403
318,96084,404
474,916,404
474,1177,404
318,96084,405
318,111364,406
318,118784,407
318,118784,408
318,127172,409
318,127172,410
567,95558,410
318,127172,411
319,364,412
319,364,413
327,8641,414
567,122916,414
599,296,414
327,51255,415
424,1136,415
474,6807,415
336,552,416
336,1246,417
336,32587,418
599,296,418
336,33660,419
336,34162,420
336,36529,421
336,38798,422
341,260,423
356,2146,424
356,37384,425
356,40955,426
357,39,427
477,67087,427
357,39,428
599,296,428
357,39,429
573,1801,429
357,1059,430
357,1059,431
474,26,431
474,41,431
474,497,431
474,892,431
474,1059,431
474,1224,431
474,1411,431
474,3028,431
474,3181,431
474,3723,431
474,7069,431
474,30850,431
357,1059,432
357,2762,433
477,32,433
599,296,433
357,2762,434
474,943,434
474,1994,434
474,1995,434
474,1996,434
474,2550,434
474,2716,434
474,2717,434
474,2762,434
474,4902,434
474,5034,434
474,6090,434
357,4370,435
357,4370,436
424,1240,436
477,541,436
477,68791,436
599,924,436
357,4370,437
567,356,437
567,2324,437
567,4144,437
567,5673,437
567,7361,437
567,48394,437
567,68954,437
567,71899,437
567,113705,437
567,164909,437
357,4370,438
424,1198,438
357,7078,439
357,7078,440
474,425,440
474,8754,440
474,8920,440
357,7451,441
357,48516,442
357,54997,443
357,91529,443
424,8950,443
477,68791,443
357,55290,444
357,55290,445
599,2959,445
357,91500,446
357,91529,447
477,318,447
357,91529,448
419,98961,449
419,98961,450
419,98961,451
474,111,451
474,474,451
474,930,451
474,1267,451
474,8207,451
599,293,451
419,98961,452
474,516,452
474,1135,452
474,1178,452
474,1586,452
474,1663,452
474,2268,452
474,8337,452
477,72998,452
419,98961,453
474,2334,453
474,7789,453
474,8622,453
477,733,453
599,2959,453
424,50,454
424,147,455
424,147,456
599,296,456
424,147,457
424,175,458
599,1732,458
424,223,459
567,308,459
424,223,460
424,260,461
424,288,462
567,26717,462
567,57502,462
424,296,463
477,1089,463
599,296,463
424,589,464
477,56174,464
424,589,465
477,3527,465
424,589,466
424,608,467
424,3186,467
537,527,467
424,608,468
474,29,468
474,832,468
474,2463,468
474,4546,468
474,6870,468
599,1732,468
424,608,469
599,296,469
599,1732,469
424,628,470
477,47610,470
537,2329,470
599,2959,470
424,1120,471
424,1136,472
424,1193,473
537,2329,473
537,92259,473
567,356,473
567,2324,473
567,2731,473
567,7361,473
567,63062,473
567,68954,473
567,95558,473
567,104944,473
567,122912,473
567,168252,473
424,1193,474
424,1258,474
424,48516,474
424,1198,475
474,1198,475
474,1291,475
474,2115,475
424,1198,476
474,1198,476
424,1200,477
424,3527,477
474,748,477
474,780,477
474,1097,477
474,1214,477
474,1253,477
474,1580,477
474,2660,477
474,2827,477
474,4526,477
474,4874,477
474,5502,477
477,3527,477
599,924,477
424,1200,478
424,1258,478
424,1343,478
424,3499,478
424,81591,478
424,1200,479
424,1200,480
477,68358,480
599,924,480
424,1219,481
477,903,481
477,908,481
477,1219,481
424,1219,482
424,3499,482
567,170945,482
424,1219,483
424,1240,483
424,3499,483
506,112552,483
567,1921,483
567,5673,483
567,105504,483
567,174055,483
599,293,483
424,1240,484
424,1258,485
599,296,485
599,924,485
424,1258,486
599,924,486
424,1343,487
424,1343,488
424,3948,488
424,30825,488
424,1625,489
424,74458,489
424,1921,490
474,224,490
474,272,490
474,337,490
474,425,490
474,1193,490
474,1441,490
474,5451,490
474,6197,490
477,4878,490
567,1260,490
567,4878,490
567,71899,490
567,104944,490
567,112421,490
599,2959,490
424,1921,491
567,1921,491
567,3676,491
567,27773,491
424,1923,492
424,4816,492
424,2160,493
424,3176,493
424,8950,493
424,53127,493
424,66097,493
424,81591,493
567,1260,493
567,3676,493
567,152077,493
424,2160,494
424,53127,494
474,2206,494
567,1921,494
567,170945,494
424,2160,495
424,3499,495
424,2296,496
424,2505,497
424,2571,498
474,2420,498
474,2421,498
474,2422,498
474,3996,498
474,6874,498
474,7090,498
474,8983,498
424,2700,499
424,2700,500
424,2700,501
474,1080,501
477,66934,501
599,296,501
424,2700,502
424,2700,503
424,3176,504
424,81591,504
474,6163,504
424,3176,505
424,3176,506
474,22,506
474,47,506
474,338,506
474,1260,506
474,4210,506
474,7160,506
567,3266,506
424,3186,507
424,3186,508
424,3186,509
477,4725,509
424,3186,510
424,3499,511
567,1203,511
567,27773,511
424,3499,512
474,230,512
474,318,512
474,1258,512
474,1259,512
474,1345,512
474,2118,512
474,2121,512
474,2122,512
474,2517,512
474,2787,512
474,3147,512
474,7646,512
424,3527,513
477,3527,513
424,4816,514
424,4816,515
424,4878,516
424,40278,516
424,104879,516
424,4993,517
424,4993,518
424,4993,519
474,4896,519
474,5816,519
474,8368,519
474,40815,519
424,5291,520
474,1217,520
474,2019,520
474,3030,520
474,5291,520
424,6290,521
424,34323,521
424,8950,522
599,2959,522
424,8950,523
599,2959,523
424,27020,524
424,40278,525
424,53127,526
424,53127,527
424,74458,527
567,1921,527
424,53127,528
424,66097,529
477,4454,529
424,66097,530
424,74458,531
599,2959,531
424,81562,532
424,81591,533
424,102903,534
424,102903,535
424,102903,536
424,112556,536
424,104879,537
424,104879,538
424,104879,539
567,56782,539
424,106100,540
424,106489,541
537,72998,541
424,112515,542
424,112556,543
439,5952,544
439,98809,544
462,152711,545
474,1299,545
462,152711,546
474,101,546
474,970,546
474,1179,546
474,1304,546
474,5266,546
474,5603,546
474,5954,546
474,5989,546
474,6016,546
474,6281,546
474,6400,546
474,6852,546
474,7382,546
537,80489,546
599,293,546
599,296,546
599,1732,546
599,2959,546
462,152711,547
462,152711,548
474,2,549
474,5,550
474,6788,550
474,8366,550
474,34359,550
474,34528,550
477,56367,550
474,5,551
474,7,551
474,1343,551
474,1367,551
474,2424,551
474,2719,551
474,4808,551
474,6944,551
477,32,551
573,5064,551
474,11,552
474,14,552
474,440,552
474,1608,552
474,3386,552
474,17,553
474,28,553
474,39,553
474,838,553
474,21,554
474,926,554
474,4639,554
474,25,555
474,381,555
474,1938,555
474,4263,555
474,8875,555
474,28,556
474,40,556
474,162,556
474,232,556
474,279,556
474,290,556
474,326,556
474,363,556
474,531,556
474,728,556
474,800,556
474,1041,556
474,1147,556
474,1185,556
474,1189,556
474,1277,556
474,1280,556
474,1361,556
474,1423,556
474,1446,556
474,1542,556
474,1672,556
474,1797,556
474,1893,556
474,1900,556
474,1942,556
474,2065,556
474,2071,556
474,2351,556
474,2360,556
474,2390,556
474,2442,556
474,2648,556
474,2677,556
474,2905,556
474,2939,556
474,3007,556
474,3060,556
474,3077,556
474,3192,556
474,3250,556
474,3338,556
474,3456,556
474,3498,556
474,3507,556
474,3559,556
474,3676,556
474,3859,556
474,3951,556
474,4117,556
474,4174,556
474,4194,556
474,4218,556
474,4312,556
474,4356,556
474,4404,556
474,4688,556
474,4969,556
474,5120,556
474,5224,556
474,5238,556
474,5291,556
474,5304,556
474,5475,556
474,5498,556
474,5721,556
474,6027,556
474,6041,556
474,6228,556
474,6244,556
474,6375,556
474,6452,556
474,6466,556
474,6516,556
474,6668,556
474,6713,556
474,6724,556
474,6786,556
474,7023,556
474,7025,556
474,7069,556
474,7071,556
474,7088,556
474,7141,556
474,7218,556
474,7618,556
474,7700,556
474,7748,556
474,7792,556
474,7924,556
474,7926,556
474,8014,556
474,8033,556
474,8094,556
474,8183,556
474,8190,556
474,8197,556
474,8275,556
474,8379,556
474,8580,556
474,8607,556
474,8609,556
474,8765,556
474,8838,556
474,8998,556
474,25855,556
474,25865,556
474,25952,556
474,26131,556
474,26242,556
474,26776,556
474,27731,556
474,27741,556
474,31658,556
474,31923,556
474,32160,556
474,32371,556
474,34437,556
474,34482,556
474,35015,556
474,36535,556
474,37240,556
474,37733,556
474,38061,556
474,39234,556
474,39292,556
474,40583,556
474,40629,556
474,41997,556
474,42002,556
474,42740,556
474,31,557
474,6334,557
474,34,558
474,986,558
474,5601,558
474,6232,558
474,6753,558
474,27820,558
474,34542,558
474,35015,558
474,34,559
474,36,560
474,1006,560
474,2312,560
474,4160,560
474,6852,560
474,36,561
474,3247,561
474,38,562
474,282,562
474,1013,562
474,2059,562
474,4476,562
474,4558,562
474,39,563
474,40,564
474,43,565
474,262,565
474,272,565
474,1136,565
474,1643,565
474,2336,565
474,2396,565
474,2872,565
474,6156,565
474,6201,565
474,45,566
474,140,566
474,371,566
474,929,566
474,973,566
474,2243,566
474,2919,566
474,3504,566
474,3897,566
474,6787,566
474,6932,566
474,9018,566
474,39292,566
474,50,567
474,911,567
474,1089,567
474,1912,567
474,2391,567
474,2726,567
474,4448,567
474,4963,567
474,5603,567
474,6378,567
474,8228,567
537,58295,567
537,79132,567
474,52,568
474,956,568
474,52,569
474,597,569
474,938,569
474,1952,569
474,2915,569
474,6245,569
474,6291,569
474,58,570
474,3317,570
474,4019,570
474,92,571
474,96,572
474,2187,572
474,104,573
474,852,573
474,3552,573
474,107,574
474,110,575
474,122,576
474,5792,576
474,150,577
474,1223,577
474,150,578
474,1231,578
474,4812,578
474,160,579
474,161,580
474,1233,580
474,185,581
599,924,581
474,199,582
474,5690,582
474,25886,582
474,215,583
474,223,583
474,1902,583
474,8638,583
474,216,584
474,6863,584
474,222,585
474,475,585
474,991,585
474,3259,585
474,8530,585
474,235,586
474,899,586
474,4639,586
474,5114,586
474,5483,586
474,6440,586
474,30812,586
477,922,586
474,237,587
474,246,587
474,3263,587
474,3360,587
474,237,588
474,900,588
474,237,589
474,247,590
474,342,590
474,522,590
474,1188,590
474,1913,590
474,2470,590
474,2471,590
474,3211,590
474,5446,590
474,8809,590
474,249,591
474,252,592
474,257,593
474,1178,593
474,1203,593
474,2268,593
474,2302,593
474,3469,593
474,3801,593
474,3811,593
474,5008,593
474,5991,593
474,7018,593
474,8695,593
474,260,594
474,1210,594
474,260,595
474,1210,595
474,260,596
474,1196,596
474,1210,596
474,33493,596
477,2393,596
474,261,597
474,262,598
474,5685,598
474,6385,598
474,277,599
474,317,599
474,551,599
474,586,599
474,953,599
474,2423,599
474,2804,599
474,3087,599
474,3675,599
474,4184,599
474,6849,599
474,6936,599
474,280,600
474,318,600
474,1276,600
474,7062,600
474,282,601
474,1187,601
474,2506,601
474,3849,601
474,5451,601
474,7079,601
474,8880,601
474,293,602
474,296,602
474,1249,602
474,1500,602
599,293,602
599,296,602
474,300,603
474,1682,603
474,307,604
474,1237,604
474,1545,604
474,1719,604
474,3502,604
474,4296,604
474,8382,604
474,308,605
474,6592,605
474,7584,605
474,8875,605
474,31903,605
474,318,606
474,329,607
474,339,608
474,5878,608
474,345,609
474,500,609
474,1081,609
474,5012,609
474,7212,609
474,345,610
474,500,610
474,910,610
474,3115,610
474,4361,610
474,7212,610
474,345,611
474,3097,611
474,3341,611
474,4546,611
474,8019,611
477,1219,611
474,349,612
474,1610,612
474,350,613
474,454,613
474,805,613
474,1006,613
474,351,614
474,356,615
474,356,616
474,1090,616
474,1208,616
474,1222,616
474,1263,616
474,1299,616
474,1423,616
474,2943,616
474,3724,616
474,7156,616
474,361,617
474,2801,617
474,2935,617
474,2952,617
474,3549,617
474,6337,617
474,377,618
474,380,619
474,412,620
474,4024,620
474,421,621
474,6170,621
474,6565,621
474,7059,621
474,457,622
474,648,622
474,818,622
474,4034,622
474,471,623
474,477,624
474,6856,624
474,7618,624
474,8958,624
474,30812,624
474,480,625
474,1544,625
474,4638,625
474,488,626
474,6579,626
474,6711,626
474,488,627
474,2076,627
474,2712,627
474,3281,627
474,3330,627
474,4191,627
474,6183,627
474,7713,627
537,92259,627
474,508,628
474,2071,628
474,513,629
474,2750,629
474,513,630
474,3546,630
474,7983,630
474,25841,630
474,515,631
474,947,631
474,515,632
474,522,633
474,1207,633
474,1950,633
474,2329,633
474,3111,633
474,3424,633
474,3451,633
474,4998,633
474,33166,633
474,524,634
474,2335,634
474,4221,634
474,529,635
474,1237,635
474,534,636
474,41566,636
474,535,637
474,538,638
474,952,638
474,1010,638
474,4326,638
474,4396,638
474,5015,638
474,6031,638
474,6178,638
474,539,639
474,543,640
474,551,641
474,1983,641
474,1984,641
474,562,642
474,1103,642
474,2310,642
474,3330,642
474,4641,642
474,5577,642
474,6159,642
474,6268,642
474,6890,642
474,7285,642
474,7382,642
474,590,643
474,590,644
474,593,645
474,628,646
474,2745,646
474,3536,646
474,7301,646
474,638,647
474,4621,647
474,647,648
474,671,649
474,1278,649
474,1407,649
474,1717,649
474,2791,649
474,3175,649
474,3273,649
474,6104,649
474,673,650
474,708,651
474,720,652
474,745,652
474,1148,652
474,3429,652
474,38038,652
474,733,653
474,736,654
474,750,655
474,778,656
474,3949,656
474,830,657
474,909,657
474,1183,657
474,1959,657
474,2020,657
474,2927,657
474,3101,657
474,4359,657
474,5505,657
474,6770,657
474,7728,657
474,902,658
474,6852,658
474,903,659
474,904,660
474,905,661
474,947,661
474,951,661
474,955,661
474,2295,661
474,2937,661
474,6254,661
474,906,662
474,908,663
474,912,664
474,913,665
474,914,666
474,7086,666
474,915,667
474,916,668
474,918,669
474,919,670
474,919,671
474,920,672
474,1242,672
474,6181,672
474,6422,672
474,7162,672
474,921,673
474,1292,673
474,3712,673
474,4678,673
474,6003,673
474,6242,673
474,922,674
474,4029,674
474,6327,674
474,6368,674
474,923,675
474,924,676
474,928,677
474,929,678
474,3176,678
474,929,679
537,69481,679
474,931,680
474,1748,680
474,6286,680
474,6832,680
474,7217,680
474,936,681
474,6979,681
474,7323,681
474,936,682
474,940,683
474,941,683
474,6536,683
474,6539,683
474,8167,683
474,944,684
474,945,685
474,1066,685
474,7049,685
474,7050,685
474,7053,685
474,7055,685
474,947,686
474,3108,686
474,4164,686
474,5548,686
474,7932,686
474,948,687
474,950,688
474,7831,688
474,7832,688
474,7833,688
474,7834,688
474,7835,688
474,955,689
474,965,690
474,6515,690
474,969,691
474,2745,691
474,971,692
474,1104,692
474,4113,692
474,976,693
474,1398,693
474,994,694
474,2491,694
474,6791,694
474,8464,694
474,1025,695
474,1136,695
474,2872,695
474,7714,695
474,1028,696
474,1035,697
474,7614,697
474,1068,698
474,1940,698
474,5379,698
474,1076,699
474,1079,700
474,6377,700
474,1080,701
474,2022,701
474,2394,701
474,4189,701
474,5629,701
474,6609,701
599,296,701
474,1080,702
474,1354,702
474,1363,702
474,2467,702
474,3052,702
474,3469,702
474,3566,702
474,4189,702
474,4190,702
474,5213,702
474,5294,702
474,6373,702
474,6591,702
474,6768,702
474,6981,702
474,7301,702
474,7318,702
474,8338,702
474,8366,702
474,27790,702
477,1089,702
477,56174,702
474,1084,703
474,3548,703
474,1088,704
474,1188,704
599,296,704
474,1093,705
474,1093,706
474,1101,707
474,1103,708
474,2664,708
474,1124,709
474,1125,710
474,6662,710
474,7073,710
474,1147,711
474,1228,711
474,1945,711
474,1954,711
474,2410,711
474,2411,711
474,2412,711
474,3178,711
474,5398,711
474,30707,711
474,33660,711
474,1196,712
474,1197,713
474,1197,714
474,1198,715
474,1201,716
474,1209,716
474,1204,717
474,1206,718
474,1267,718
474,1207,719
474,1212,720
474,1212,721
474,1212,722
474,1219,723
474,1220,724
474,1225,725
474,1225,726
474,1230,727
474,1307,727
474,3072,727
474,3087,727
474,4164,727
474,4495,727
474,4979,727
474,7932,727
474,1234,728
474,1235,729
474,1243,730
474,1301,730
474,2572,730
474,1247,731
474,1250,732
474,1262,732
474,1252,733
474,1254,734
474,1257,735
474,1281,736
474,6454,736
474,1283,737
474,1284,738
474,1288,739
474,1288,740
474,1449,740
474,6296,740
474,1291,741
474,1296,742
474,1302,743
474,3098,743
474,4623,743
474,5139,743
474,5644,743
474,1333,744
474,6299,744
474,7062,744
474,32582,744
474,1344,745
474,1485,745
474,1645,745
474,2803,745
474,3420,745
474,4447,745
474,6308,745
474,1345,746
474,1348,747
474,2167,747
474,6744,747
477,56174,747
474,1350,748
474,1997,748
474,2160,748
474,4138,748
474,1353,749
474,2171,749
474,1356,750
474,1358,751
474,1366,752
474,1372,753
474,1374,754
474,1376,755
474,1387,756
474,1389,756
474,1393,757
474,1954,757
474,1957,757
474,3098,757
474,7705,757
474,1396,758
474,3730,758
474,4232,758
474,1407,759
474,1717,759
474,3273,759
474,1408,760
474,1408,761
474,1413,762
474,1416,763
474,1474,764
474,1496,765
474,1500,766
474,1513,766
474,1537,767
474,1573,768
474,3512,768
474,6909,768
474,1635,769
474,3556,769
474,6327,769
474,1643,770
474,1650,771
474,1683,771
474,1674,772
474,6963,772
474,1680,773
474,2571,773
474,1711,774
474,1719,775
474,1721,776
474,1735,777
474,1777,778
474,2145,778
474,1836,779
474,1909,780
474,1931,781
474,1940,782
474,4857,782
474,5012,782
474,5379,782
474,5721,782
474,1942,783
474,1942,784
474,1945,785
474,1947,786
474,6288,786
474,1951,787
474,5994,787
474,6984,787
474,8341,787
474,37736,787
474,1957,788
474,6407,788
474,1960,789
474,3996,789
474,1961,790
474,1962,791
474,4326,791
474,1975,792
474,1976,792
474,1977,792
474,1978,792
474,1979,792
474,2006,793
474,2006,794
474,2022,795
474,2064,796
474,2064,797
474,2076,798
474,2097,799
474,2097,800
474,6305,800
474,2100,801
474,2108,802
474,2114,803
474,2116,804
474,4993,804
474,5952,804
474,7153,804
474,2139,805
474,2171,806
474,2171,807
474,2194,808
474,2203,809
474,2208,810
474,6339,810
474,6867,810
474,7932,810
474,8879,810
474,2248,811
474,2248,812
474,2291,813
474,2313,813
474,2300,814
474,2357,815
474,6101,815
474,2394,816
474,2424,817
474,2431,818
474,4600,818
474,2494,819
474,2502,820
474,2502,821
474,2553,822
474,2554,822
474,2967,822
474,2565,823
474,2583,824
474,2598,825
474,2600,826
474,2612,827
474,6031,827
474,31030,827
474,2628,828
474,2628,829
474,2692,830
474,3515,830
474,2693,831
477,2393,831
474,2699,832
474,2710,833
474,2710,834
474,2728,835
474,2728,836
474,2750,837
474,2762,838
474,2791,839
474,2863,840
474,2871,841
474,2919,842
474,2919,843
474,2940,844
474,4970,844
474,5954,844
474,2941,845
474,3461,845
474,2966,846
474,2966,847
474,2987,848
474,3006,849
474,3011,850
474,3039,851
474,3475,851
474,6020,851
474,3040,852
474,3077,853
474,3081,854
474,3095,855
567,40491,855
474,3095,856
474,3125,857
474,5876,857
474,3135,858
474,6708,858
474,27834,858
474,32584,858
474,3152,859
474,3160,860
474,6273,860
474,3174,861
474,3211,862
474,3258,863
474,3260,864
474,7087,864
474,3270,865
474,4316,865
474,3306,866
474,3306,867
474,4477,867
474,7234,867
474,8507,867
474,3307,868
474,5353,868
474,6178,868
474,3310,869
474,5690,869
474,31437,869
474,3384,870
474,3385,871
474,3408,872
474,33154,872
474,3421,873
474,4214,873
474,3421,874
474,3435,875
474,3447,876
474,3451,877
474,6970,877
474,7121,877
474,7584,877
474,7705,877
474,3451,878
474,3451,879
474,3462,880
474,3910,880
474,3468,881
474,3469,882
474,3481,883
474,5377,883
474,3489,884
474,8970,884
474,3528,885
474,4874,885
474,3536,886
474,3556,887
474,3566,888
474,4007,888
474,33154,888
474,36517,888
537,80906,888
537,90439,888
474,3608,889
474,3629,890
474,3816,891
474,3844,892
474,3859,893
474,3897,894
474,3910,895
474,6178,895
474,6639,895
474,7619,895
474,3932,896
474,3967,897
474,6660,897
474,3988,898
474,4012,899
474,4025,900
474,4027,901
474,4046,902
474,4077,903
474,5528,903
474,4166,904
474,4171,905
474,4190,906
474,4204,907
477,54503,907
474,4210,908
474,5630,908
474,4211,909
474,4226,910
474,4246,911
474,4259,912
474,4292,913
474,4809,913
474,4306,914
474,8580,914
474,4333,915
474,4380,916
474,4465,917
599,296,917
474,4489,918
474,6238,918
474,7139,918
474,8645,918
474,4537,919
474,4787,920
474,4809,921
474,4835,922
474,4857,923
474,4970,924
474,4973,925
567,30810,925
567,74791,925
474,5008,926
474,8879,926
474,5064,927
474,5404,928
474,5527,928
474,6195,928
474,5450,929
474,5450,930
474,5470,931
474,5505,932
474,5527,933
474,5528,934
474,6016,934
477,904,934
474,5633,935
474,5644,936
474,5669,937
474,6890,937
474,5673,938
474,5747,939
474,5791,940
474,6341,940
474,5802,941
474,5812,942
474,5820,943
474,6948,943
474,5875,944
474,5991,945
506,112552,945
474,6002,946
474,6063,947
474,6101,948
474,6181,949
474,6183,950
474,6195,951
474,6218,952
474,6269,953
474,6289,954
474,6331,955
474,6333,956
474,6333,957
474,6333,958
474,6333,959
474,6367,960
599,296,960
474,6375,961
474,6380,962
474,6870,962
474,30820,962
474,6390,963
474,6407,964
474,6545,965
474,6547,966
474,6552,967
474,6603,968
474,6620,969
474,7572,969
474,6636,970
474,6650,971
474,6667,972
537,80489,972
474,6669,973
474,6770,973
474,7061,973
474,6708,974
474,6710,975
474,6732,976
474,6773,977
474,6785,978
474,6787,979
474,6810,980
474,6820,981
474,6881,982
474,6912,983
474,6948,984
474,6985,985
474,27790,985
474,7013,986
474,7018,987
474,7070,988
474,7091,989
474,7132,989
474,7132,990
474,7158,991
474,7190,992
474,7219,993
474,7256,994
474,7371,995
474,7493,996
474,7619,997
474,7649,998
474,7766,999
474,7932,1000
474,7932,1001
474,7932,1002
474,8153,1003
474,8188,1004
474,26085,1004
474,8191,1005
474,8235,1006
474,8266,1007
474,8338,1008
474,8360,1009
474,8463,1010
474,8464,1011
474,8636,1012
474,8714,1013
474,8827,1014
474,8879,1015
474,8938,1016
474,8943,1017
474,8949,1018
474,8951,1019
474,8979,1020
474,25753,1021
474,25940,1022
474,26151,1023
474,27820,1024
474,30749,1025
474,30793,1026
474,30812,1027
474,30822,1028
474,31658,1029
474,37729,1029
474,38038,1029
474,32582,1030
474,33154,1031
474,34271,1032
474,34405,1033
474,34542,1034
474,37741,1035
474,39292,1036
474,39292,1037
474,40819,1038
477,34,1039
477,216,1040
477,541,1041
477,541,1042
477,589,1043
477,593,1044
599,293,1044
599,296,1044
477,733,1045
477,69526,1045
477,832,1046
477,832,1047
477,903,1048
477,904,1048
477,904,1049
477,922,1050
567,114627,1050
477,1089,1051
599,296,1051
477,1196,1052
477,1196,1053
477,1196,1054
599,296,1054
477,1222,1055
477,2393,1056
477,2706,1057
477,2706,1058
477,2706,1059
477,2706,1060
477,2706,1061
477,2706,1062
477,2706,1063
573,4343,1063
477,2706,1064
477,4878,1064
477,3527,1065
599,293,1065
599,296,1065
477,3527,1066
477,3527,1067
477,3994,1068
477,3994,1069
477,3994,1070
567,4144,1070
567,5673,1070
599,293,1070
599,296,1070
477,4454,1071
477,4454,1072
477,4454,1073
477,7361,1073
477,4454,1074
477,4725,1075
477,5459,1076
477,5459,1077
477,7361,1078
477,42422,1078
477,8783,1079
477,45730,1079
477,41569,1080
537,79132,1080
477,45499,1081
477,45730,1082
573,248,1082
573,540,1082
573,707,1082
573,2431,1082
573,2951,1082
573,4015,1082
573,6157,1082
477,45730,1083
477,45730,1084
477,45730,1085
477,45730,1086
477,45730,1087
477,47610,1087
477,47610,1088
477,54503,1089
477,56367,1089
477,79702,1089
477,54503,1090
477,54503,1091
477,56174,1092
477,56174,1093
477,60069,1093
477,56367,1094
599,296,1094
477,56367,1095
477,57669,1096
477,57669,1097
477,59141,1098
477,61323,1099
477,61323,1100
477,61323,1101
477,61323,1102
537,5989,1102
477,61323,1103
567,3676,1103
567,4878,1103
567,99764,1103
477,62336,1104
477,66934,1105
477,66934,1106
477,66934,1107
477,67087,1108
477,67087,1109
477,67087,1110
477,67087,1111
477,67087,1112
477,68237,1113
477,68237,1114
477,68319,1115
477,68358,1116
477,68358,1117
477,68358,1118
477,68358,1119
477,68791,1120
477,68791,1121
477,68791,1122
477,68945,1123
477,69526,1124
477,69526,1125
567,134170,1125
477,69526,1126
477,69526,1127
477,69757,1128
567,7361,1128
567,99917,1128
477,69757,1129
567,112552,1129
567,174055,1129
477,69757,1130
537,5989,1130
567,1653,1130
567,7361,1130
567,58301,1130
567,116797,1130
599,296,1130
477,69757,1131
477,70286,1132
477,72224,1133
477,72998,1134
477,72998,1135
599,924,1135
477,72998,1136
537,72998,1136
477,72998,1137
477,72998,1138
477,72998,1139
477,72998,1140
477,72998,1141
567,122916,1141
477,79702,1142
477,79702,1143
477,82242,1144
477,82461,1145
477,82461,1146
477,82461,1147
487,112552,1148
513,750,1149
513,750,1150
513,6787,1151
520,3039,1152
520,60516,1153
533,356,1154
533,356,1155
533,356,1156
537,527,1157
537,2571,1158
537,79132,1158
567,4878,1158
567,7361,1158
567,79132,1158
599,2959,1158
537,5989,1159
537,5989,1160
537,5989,1161
567,134130,1161
567,164179,1161
537,8533,1162
537,8533,1163
567,5673,1163
567,6291,1163
567,71899,1163
567,122912,1163
537,55765,1164
537,58295,1165
537,58295,1166
537,69122,1167
537,69122,1168
537,69122,1169
537,79132,1170
599,2959,1170
537,79132,1171
537,79132,1172
599,296,1172
537,80489,1173
537,80906,1174
537,80906,1175
537,80906,1176
537,89745,1177
537,89745,1178
567,3671,1178
567,134170,1178
537,89745,1179
537,90439,1180
537,90439,1181
537,90439,1182
537,90439,1183
537,90439,1184
537,90439,1185
537,106782,1185
537,95067,1186
537,97304,1187
537,97304,1188
537,104841,1189
537,104841,1190
567,56782,1190
537,104841,1191
537,104841,1192
537,105504,1193
537,105504,1194
537,106782,1195
567,1,1196
567,89745,1196
567,108932,1196
567,122918,1196
599,296,1196
567,101,1197
567,30810,1197
599,1732,1197
567,356,1198
567,1704,1198
567,2324,1198
567,2731,1198
567,6377,1198
567,30810,1198
567,104944,1198
567,117887,1198
567,167746,1198
567,356,1199
567,68954,1199
567,71899,1199
567,104944,1199
567,140174,1199
599,293,1199
567,541,1200
567,1237,1200
567,1921,1200
567,99917,1200
567,176371,1200
567,541,1201
567,1237,1201
567,6669,1201
567,71899,1201
567,117877,1201
567,143367,1201
567,176371,1201
599,296,1201
599,924,1201
599,2959,1201
567,1203,1202
567,7024,1202
567,1203,1203
567,1203,1204
567,1203,1205
567,4552,1205
567,6818,1205
567,56782,1205
567,58559,1205
567,168252,1205
599,296,1205
567,1203,1206
567,1237,1207
567,1921,1207
567,4226,1207
567,4878,1207
567,56782,1207
567,79132,1207
567,164179,1207
567,1237,1208
567,2731,1208
567,1260,1209
567,1260,1210
567,1260,1211
567,1916,1212
567,1916,1213
567,1916,1214
567,4144,1214
567,6291,1214
567,7361,1214
567,1916,1215
567,1921,1216
567,99917,1216
567,1921,1217
567,3676,1217
567,4878,1217
567,48780,1217
567,2138,1218
567,4144,1218
567,5690,1218
567,7361,1218
567,95558,1218
567,99917,1218
567,122882,1218
567,176371,1218
567,2324,1219
567,3134,1219
567,5690,1219
567,6669,1219
567,71899,1219
567,2324,1220
567,5690,1220
567,2324,1221
567,2731,1222
567,2731,1223
567,45880,1223
567,3134,1224
567,5690,1224
567,3266,1225
567,3424,1226
567,3671,1227
567,3676,1228
567,3676,1229
567,3676,1230
567,3676,1231
567,3676,1232
567,3676,1233
567,3994,1234
567,4144,1235
567,4144,1236
567,4144,1237
567,8335,1237
567,68954,1237
567,168252,1237
567,4144,1238
567,4144,1239
567,71899,1239
567,80463,1239
599,293,1239
567,4144,1240
567,4144,1241
567,4144,1242
567,4144,1243
567,176371,1243
567,4144,1244
567,4144,1245
567,7361,1245
567,4552,1246
567,5673,1247
567,5673,1248
567,5673,1249
567,114627,1249
567,5673,1250
567,122916,1250
567,5673,1251
567,5690,1252
567,5690,1253
567,5690,1254
567,143367,1254
567,6669,1255
599,924,1255
567,6669,1256
567,6818,1257
567,7024,1257
567,6818,1258
567,7024,1258
567,7024,1259
567,7024,1260
567,7361,1261
567,7361,1262
567,7361,1263
567,7361,1264
567,7361,1265
567,7361,1266
567,7361,1267
567,7361,1268
567,7361,1269
567,25771,1269
567,26717,1270
567,27773,1271
567,27773,1272
567,30810,1273
567,117877,1273
567,56782,1274
567,71899,1274
567,56782,1275
567,112552,1275
567,161634,1275
599,296,1275
567,57502,1276
567,89745,1277
567,96079,1278
567,96079,1279
567,99764,1280
567,107406,1281
567,108932,1282
567,108932,1283
567,108932,1284
567,109487,1285
567,109487,1286
567,112421,1287
567,112421,1288
567,112421,1289
567,112852,1290
567,112852,1291
567,114627,1292
567,119145,1293
567,138036,1293
567,127298,1294
567,156605,1294
567,139385,1295
567,139644,1296
567,143367,1297
567,148881,1298
567,153070,1299
567,164179,1300
567,164179,1301
567,168252,1302
567,174055,1303
567,176419,1304
567,176419,1305
567,176419,1306
567,180985,1307
573,248,1308
573,836,1309
573,1441,1310
573,6016,1310
573,1779,1311
573,4343,1312
573,5254,1313
573,5254,1314
573,35836,1315
573,52712,1316
599,293,1317
599,293,1318
599,293,1319
599,293,1320
599,296,1320
599,2959,1320
599,293,1321
599,293,1322
599,293,1323
599,293,1324
599,296,1325
599,296,1326
599,296,1327
599,296,1328
599,296,1329
599,296,1330
599,296,1331
599,296,1332
599,296,1333
599,296,1334
599,296,1335
599,296,1336
599,296,1337
599,296,1338
599,296,1339
599,296,1340
599,296,1341
599,296,1342
599,296,1343
599,296,1344
599,296,1345
599,296,1346
599,296,1347
599,296,1348
599,296,1349
599,296,1350
599,1732,1350
599,296,1351
599,296,1352
599,296,1353
599,296,1354
599,296,1355
599,296,1356
599,296,1357
599,296,1358
599,296,1359
599,296,1360
599,296,1361
599,296,1362
599,296,1363
599,296,1364
599,296,1365
599,296,1366
599,296,1367
599,296,1368
599,296,1369
599,296,1370
599,1732,1370
599,296,1371
599,296,1372
599,296,1373
599,296,1374
599,296,1375
599,296,1376
599,296,1377
599,296,1378
599,296,1379
599,296,1380
599,296,1381
599,296,1382
599,296,1383
599,296,1383
599,296,1384
599,296,1385
599,296,1386
599,296,1387
599,296,1388
599,296,1389
599,296,1390
599,296,1391
599,296,1392
599,296,1393
599,296,1394
599,296,1395
599,296,1396
599,296,1397
599,296,1398
599,296,1399
599,296,1400
599,296,1401
599,296,1402
599,296,1403
599,296,1404
599,296,1405
599,296,1406
599,296,1407
599,296,1408
599,296,1409
599,296,1410
599,296,1411
599,296,1412
599,296,1413
599,296,1414
599,296,1415
599,296,1416
599,924,1417
599,924,1418
599,924,1419
599,924,1420
599,924,1421
599,924,1422
599,924,1423
599,924,1424
599,924,1425
599,924,1426
599,924,1427
599,924,1428
599,924,1429
599,924,1430
599,924,1431
599,1732,1432
599,1732,1433
599,1732,1434
599,1732,1435
599,1732,1436
599,1732,1437
599,1732,1438
599,1732,1439
599,1732,1440
599,2959,1440
599,2959,1441
599,2959,1442
599,2959,1443
599,2959,1444
599,2959,1445
599,2959,1446
599,2959,1447
599,2959,1448
599,2959,1449
599,2959,1450
599,2959,1451
599,2959,1452
606,1948,1453
606,3578,1454
606,5694,1455
606,7382,1456
606,7936,1457
610,3265,1458
610,3265,1459
610,168248,1459
